{"cameraMode":{"drawMode":0,"name":"Shaded","section":"Shading Mode"},"sceneLighting":true,"audioPlay":false,"sceneViewState":{"m_AlwaysRefresh":false,"showFog":true,"showSkybox":true,"showFlares":true,"showImageEffects":true,"showParticleSystems":true,"showVisualEffectGraphs":true,"m_FxEnabled":true},"in2DMode":false,"pivot":{"x":0.7799997329711914,"y":-0.19359970092773438,"z":-0.8499994277954102},"rotation":{"x":0.01199915912002325,"y":0.008999589830636979,"z":-0.00010989907605107874,"w":0.9998998045921326},"size":6.012269973754883,"orthographic":false}